{"eval/loss": 0.6912730932235718, "eval/f1": 0.6666666666666666, "eval/runtime": 0.2297, "eval/samples_per_second": 8.706, "eval/steps_per_second": 8.706, "train/epoch": 100.0, "train/global_step": 400, "_timestamp": 1713503571.4642959, "_runtime": 75.27264785766602, "_step": 140, "train/loss": 0.6861, "train/grad_norm": 3.84584379196167, "train/learning_rate": 0.0, "train_runtime": 77.3351, "train_samples_per_second": 10.345, "train_steps_per_second": 5.172, "total_flos": 0.0, "train_loss": 0.6956878924369811, "_wandb": {"runtime": 74}}